<?xml version="1.0" encoding="UTF-8"?>
<root>
	<!-- STAGE 1 -->
	<Index_Diagnoses> <!-- This is the target disease we want to mined -->
		<Diagnose>Myocardial Infarction</Diagnose> <!-- this item has to be mapped with DeyoCCI.csv --> 
	</Index_Diagnoses>

	<target>
		<fileName>data\IMEDS\MiComorbidDS\trainDS.csv</fileName>
		<columns>
			<col>ID</col>
			<col>Label</col>
			<col>Gender</col>						
			<col>Age</col>
	<!--    <col>Race</col>
			<col>Ethnicity</col>  -->		
			<col>Location</col>			
			<col>Myocardial Infarction</col>
			<col>Congestive Heart Failure</col>
			<col>Peripheral Vascular Disease</col>
			<col>Cerebrovascular Disease</col>
			<col>Dementia</col>
			<col>Chronic Pulmonary Disease</col>
			<col>Rheumatologic Disease</col>
			<col>Peptic Ulcer Disease</col>
			<col>Mild Liver Disease</col>
	 		<col>Diabetes</col> 
			<col>Diabetes with Chronic Complications</col>
			<col>Hemiplegia or Paraplegia</col>
			<col>Renal Disease</col>
			<col>Moderate or Severe Liver Disease</col>
			<col>AIDS</col>
		</columns>
	</target>
	
	<DataSetParas>
		<sampleConfig>
			<sample_id>s1</sample_id>
			<sample_range>0,25000</sample_range><!-- 0,100 -->
			<sample_label>alive</sample_label><!-- default None. alive, death, none -->
			<sample_random>true</sample_random><!-- default false -->
			<sample_append>true</sample_append> <!-- default false -->
		</sampleConfig>
		<sampleConfig>
			<sample_id>s2</sample_id>
			<sample_range>0,25000</sample_range><!-- 0,100 -->
			<sample_label>death</sample_label><!-- alive, death, none -->
			<sample_random>true</sample_random>			
			<sample_append>true</sample_append>
		</sampleConfig>
	</DataSetParas>
	
	<!-- STAGE 2 Applying Logistic Regression to calculate outlier-->
	<PearsonResidualOutlier>
		<SparkLRmodelDataSets>
			<dataset>data\IMEDS\MiComorbidDS\trainDS.csv</dataset> <!-- input the same from target filename -->		
		</SparkLRmodelDataSets>
		<SparkLRmodelParas>
		<!--	<para>1,500</para>
			<para>1,12500</para>-->
			<para>1,10000</para>
		<!--	<para>1,10000</para>		
			<para>10,500</para> 
			<para>10,5000</para>
			<para>10,10000</para>	-->	
		</SparkLRmodelParas>
		
		<inputFolder>data\IMEDS\MiComorbidDS\logisticRegressionPredict</inputFolder> <!-- for PearsonResidualOutlier only, does not need to run with spark. if null, then spark don't generate tmp file-->
		<outputFolder>data\IMEDS\MiComorbidDS\outlier</outputFolder>
		<!-- if using spark to run pearson Residual outlier fail, generate prediction tmp file only. Run the pearson Residual independently by add java memory-->
		<threshold>0</threshold><!-- 0: return all result. >0, filter out results which Ri lower than it. '-1' do not use spark to generate outlier-->
		<chiSqrtThreshold>50870.0</chiSqrtThreshold><!-- chi-sqrt threshold 50503.1893 cannot generate fitted model, DF=n-(p+1), alpha =0.05 -->
	</PearsonResidualOutlier>

    <preSeqDS>
    	<fittedSparkLRmodels>
    		<!--<para>500_1_0</para>  1,500 para is file_id in db
    		<para>5000_1_4</para>--> 
			<para>10000_1_14</para>
    	</fittedSparkLRmodels>
    	<outlierThreshold>2.0</outlierThreshold>
    	<outputFolder>preSeq</outputFolder>	
    </preSeqDS>	
	 
</root>